Product,Price,Seller
Accessori per orologi,952,MerchandiseMart
Massaggiatore cervicale,654,MerchandiseMart
Spazzolini da denti elettronici,477,MerchandiseMart
Carne di Orso,599,MerchandiseMart
Coperte rinfrescanti,414,MerchandiseMart
Pantaloni Yoga,847,MerchandiseMart
Cover e custodie per telefoni,997,MerchandiseMart
Caricabatterie wireless,151,MerchandiseMart
Imbracatura Paracadute,199,MerchandiseMart
Treppiedi,446,MerchandiseMart
Pantaloni Yoga,264,CommerceHub
Carne di Orso,714,CommerceHub
Borraccia Termica,117,CommerceHub
Caricabatterie wireless,750,CommerceHub
Dispositivi indossabili,822,CommerceHub
Baby Monitor,124,CommerceHub
Lampade,397,CommerceHub
Frigorifero per vino,43,CommerceHub
Scarpe da ginnastica,367,CommerceHub
Coperte rinfrescanti,39,CommerceHub
Pantaloni Yoga,272,RoveRange
Accessori per orologi,309,RoveRange
Alimenti per animali domestici,356,RoveRange
Frigorifero per vino,861,RoveRange
Imbracatura Paracadute,306,RoveRange
Massaggiatore cervicale,157,RoveRange
Scope elettriche,228,RoveRange
Treppiedi,746,RoveRange
Scarpe da ginnastica,567,RoveRange
Cover e custodie per telefoni,551,RoveRange
Scarpe da ginnastica,982,BargainBay
Coperte rinfrescanti,411,BargainBay
Alimenti per animali domestici,146,BargainBay
Frigorifero per vino,585,BargainBay
Dispositivi indossabili,202,BargainBay
Lampade,359,BargainBay
Borraccia Termica,356,BargainBay
Cover e custodie per telefoni,166,BargainBay
Imbracatura Paracadute,87,BargainBay
Massaggiatore cervicale,315,BargainBay
Massaggiatore cervicale,725,SupplySquare
Borraccia Termica,261,SupplySquare
Pantaloni Yoga,812,SupplySquare
Scope elettriche,239,SupplySquare
Treppiedi,760,SupplySquare
Dispositivi indossabili,426,SupplySquare
Accessori per orologi,678,SupplySquare
Imbracatura Paracadute,438,SupplySquare
Coperte rinfrescanti,844,SupplySquare
Scarpe da ginnastica,246,SupplySquare
Treppiedi,978,MarketMovers
Scarpe da ginnastica,273,MarketMovers
Spazzolini da denti elettronici,688,MarketMovers
Coperte rinfrescanti,591,MarketMovers
Friggitrice ad aria,223,MarketMovers
Accessori per orologi,17,MarketMovers
Baby Monitor,467,MarketMovers
Carne di Orso,847,MarketMovers
Imbracatura Paracadute,274,MarketMovers
Pantaloni Yoga,602,MarketMovers
Pantaloni Yoga,327,DealDocks
Accessori per orologi,400,DealDocks
Alimenti per animali domestici,413,DealDocks
Friggitrice ad aria,80,DealDocks
Cover e custodie per telefoni,529,DealDocks
Frigorifero per vino,471,DealDocks
Caricabatterie wireless,28,DealDocks
Scarpe da ginnastica,576,DealDocks
Scope elettriche,153,DealDocks
Lampade,836,DealDocks
Borraccia Termica,960,WholesaleWave
Baby Monitor,287,WholesaleWave
Imbracatura Paracadute,716,WholesaleWave
Massaggiatore cervicale,707,WholesaleWave
Carne di Orso,192,WholesaleWave
Caricabatterie wireless,673,WholesaleWave
Friggitrice ad aria,333,WholesaleWave
Scope elettriche,791,WholesaleWave
Cover e custodie per telefoni,475,WholesaleWave
Scarpe da ginnastica,193,WholesaleWave
Frigorifero per vino,492,TradeTreasures
Spazzolini da denti elettronici,526,TradeTreasures
Caricabatterie wireless,539,TradeTreasures
Borraccia Termica,216,TradeTreasures
Massaggiatore cervicale,685,TradeTreasures
Friggitrice ad aria,761,TradeTreasures
Cover e custodie per telefoni,181,TradeTreasures
Imbracatura Paracadute,219,TradeTreasures
Pantaloni Yoga,352,TradeTreasures
Scope elettriche,965,TradeTreasures
Spazzolini da denti elettronici,844,RetailRadar
Accessori per orologi,323,RetailRadar
Imbracatura Paracadute,386,RetailRadar
Scarpe da ginnastica,458,RetailRadar
Cover e custodie per telefoni,718,RetailRadar
Coperte rinfrescanti,654,RetailRadar
Pantaloni Yoga,339,RetailRadar
Massaggiatore cervicale,622,RetailRadar
Carne di Orso,952,RetailRadar
Lampade,140,RetailRadar
Treppiedi,128,MerchHaven
Borraccia Termica,314,MerchHaven
Pantaloni Yoga,828,MerchHaven
Lampade,117,MerchHaven
Dispositivi indossabili,195,MerchHaven
Massaggiatore cervicale,421,MerchHaven
Scarpe da ginnastica,490,MerchHaven
Accessori per orologi,420,MerchHaven
Carne di Orso,873,MerchHaven
Caricabatterie wireless,819,MerchHaven
Coperte rinfrescanti,510,BargainBay
Friggitrice ad aria,462,BargainBay
Caricabatterie wireless,886,BargainBay
Pantaloni Yoga,971,BargainBay
Spazzolini da denti elettronici,159,BargainBay
Massaggiatore cervicale,745,BargainBay
Frigorifero per vino,125,BargainBay
Borraccia Termica,964,BargainBay
Imbracatura Paracadute,140,BargainBay
Alimenti per animali domestici,278,BargainBay
Spazzolini da denti elettronici,980,CommerceHub
Treppiedi,765,CommerceHub
Pantaloni Yoga,384,CommerceHub
Massaggiatore cervicale,711,CommerceHub
Coperte rinfrescanti,781,CommerceHub
Scarpe da ginnastica,749,CommerceHub
Baby Monitor,155,CommerceHub
Scope elettriche,273,CommerceHub
Dispositivi indossabili,445,CommerceHub
Caricabatterie wireless,212,CommerceHub
Alimenti per animali domestici,568,DealDocks
Friggitrice ad aria,79,DealDocks
Baby Monitor,571,DealDocks
Lampade,941,DealDocks
Frigorifero per vino,815,DealDocks
Treppiedi,331,DealDocks
Accessori per orologi,723,DealDocks
Carne di Orso,91,DealDocks
Dispositivi indossabili,106,DealDocks
Cover e custodie per telefoni,398,DealDocks
Accessori per orologi,299,LivingTrade
Carne di Orso,24,LivingTrade
Baby Monitor,781,LivingTrade
Lampade,694,LivingTrade
Scarpe da ginnastica,815,LivingTrade
Scope elettriche,325,LivingTrade
Massaggiatore cervicale,957,LivingTrade
Friggitrice ad aria,362,LivingTrade
Cover e custodie per telefoni,245,LivingTrade
Caricabatterie wireless,370,LivingTrade
Scope elettriche,380,MerchandiseMart
Massaggiatore cervicale,48,MerchandiseMart
Spazzolini da denti elettronici,670,MerchandiseMart
Dispositivi indossabili,239,MerchandiseMart
Cover e custodie per telefoni,13,MerchandiseMart
Alimenti per animali domestici,524,MerchandiseMart
Imbracatura Paracadute,987,MerchandiseMart
Borraccia Termica,901,MerchandiseMart
Frigorifero per vino,70,MerchandiseMart
Accessori per orologi,36,MerchandiseMart
Borraccia Termica,861,GoodsGlobe
Pantaloni Yoga,6,GoodsGlobe
Alimenti per animali domestici,869,GoodsGlobe
Imbracatura Paracadute,7,GoodsGlobe
Scope elettriche,215,GoodsGlobe
Scarpe da ginnastica,999,GoodsGlobe
Cover e custodie per telefoni,237,GoodsGlobe
Accessori per orologi,939,GoodsGlobe
Treppiedi,763,GoodsGlobe
Carne di Orso,561,GoodsGlobe
Scarpe da ginnastica,412,BazaarBounty
Accessori per orologi,880,BazaarBounty
Massaggiatore cervicale,31,BazaarBounty
Treppiedi,794,BazaarBounty
Caricabatterie wireless,490,BazaarBounty
Pantaloni Yoga,171,BazaarBounty
Dispositivi indossabili,181,BazaarBounty
Baby Monitor,772,BazaarBounty
Frigorifero per vino,799,BazaarBounty
Friggitrice ad aria,726,BazaarBounty
Lampade,577,TreasureTraders
Scope elettriche,989,TreasureTraders
Scarpe da ginnastica,117,TreasureTraders
Carne di Orso,873,TreasureTraders
Pantaloni Yoga,314,TreasureTraders
Caricabatterie wireless,349,TreasureTraders
Baby Monitor,225,TreasureTraders
Accessori per orologi,509,TreasureTraders
Borraccia Termica,385,TreasureTraders
Cover e custodie per telefoni,199,TreasureTraders
Frigorifero per vino,673,MarketMovers
Dispositivi indossabili,740,MarketMovers
Accessori per orologi,217,MarketMovers
Caricabatterie wireless,270,MarketMovers
Borraccia Termica,721,MarketMovers
Baby Monitor,988,MarketMovers
Cover e custodie per telefoni,584,MarketMovers
Alimenti per animali domestici,589,MarketMovers
Scope elettriche,449,MarketMovers
Lampade,258,MarketMovers
