Timestamp,Product,Price,Seller
11:18:06,Frigorifero per vino,527,WholesaleWave
11:18:06,Caricabatterie wireless,568,WholesaleWave
11:18:06,Pantaloni Yoga,662,WholesaleWave
11:18:06,Lampade,865,WholesaleWave
11:18:06,Cover e custodie per telefoni,27,WholesaleWave
11:18:06,Baby Monitor,558,WholesaleWave
11:18:06,Friggitrice ad aria,184,WholesaleWave
11:18:06,Imbracatura Paracadute,572,WholesaleWave
11:18:06,Scarpe da ginnastica,641,WholesaleWave
11:18:06,Accessori per orologi,894,WholesaleWave
11:18:06,Coperte rinfrescanti,960,CommerceHub
11:18:06,Carne di Orso,915,CommerceHub
11:18:06,Dispositivi indossabili,24,CommerceHub
11:18:06,Borraccia Termica,514,CommerceHub
11:18:06,Pantaloni Yoga,790,CommerceHub
11:18:06,Baby Monitor,914,CommerceHub
11:18:06,Treppiedi,104,CommerceHub
11:18:06,Accessori per orologi,135,CommerceHub
11:18:06,Lampade,208,CommerceHub
11:18:06,Scope elettriche,380,CommerceHub
11:18:06,Imbracatura Paracadute,461,MarketMovers
11:18:06,Lampade,0,MarketMovers
11:18:06,Accessori per orologi,532,MarketMovers
11:18:06,Treppiedi,702,MarketMovers
11:18:06,Scarpe da ginnastica,164,MarketMovers
11:18:06,Cover e custodie per telefoni,888,MarketMovers
11:18:06,Borraccia Termica,97,MarketMovers
11:18:06,Alimenti per animali domestici,265,MarketMovers
11:18:06,Baby Monitor,379,MarketMovers
11:18:06,Coperte rinfrescanti,292,MarketMovers
11:18:06,Pantaloni Yoga,554,TradeTrail
11:18:06,Accessori per orologi,126,TradeTrail
11:18:06,Carne di Orso,403,TradeTrail
11:18:06,Coperte rinfrescanti,68,TradeTrail
11:18:06,Imbracatura Paracadute,673,TradeTrail
11:18:06,Caricabatterie wireless,964,TradeTrail
11:18:06,Massaggiatore cervicale,824,TradeTrail
11:18:06,Lampade,548,TradeTrail
11:18:06,Frigorifero per vino,436,TradeTrail
11:18:06,Cover e custodie per telefoni,562,TradeTrail
11:18:06,Coperte rinfrescanti,709,BargainBay
11:18:06,Alimenti per animali domestici,436,BargainBay
11:18:06,Lampade,924,BargainBay
11:18:06,Spazzolini da denti elettronici,402,BargainBay
11:18:06,Friggitrice ad aria,553,BargainBay
11:18:06,Baby Monitor,305,BargainBay
11:18:06,Massaggiatore cervicale,604,BargainBay
11:18:06,Frigorifero per vino,510,BargainBay
11:18:06,Dispositivi indossabili,183,BargainBay
11:18:06,Borraccia Termica,248,BargainBay
11:18:06,Carne di Orso,293,TreasureTraders
11:18:06,Caricabatterie wireless,707,TreasureTraders
11:18:06,Lampade,612,TreasureTraders
11:18:06,Massaggiatore cervicale,885,TreasureTraders
11:18:06,Friggitrice ad aria,134,TreasureTraders
11:18:06,Borraccia Termica,805,TreasureTraders
11:18:06,Spazzolini da denti elettronici,441,TreasureTraders
11:18:06,Baby Monitor,687,TreasureTraders
11:18:06,Alimenti per animali domestici,83,TreasureTraders
11:18:06,Scarpe da ginnastica,692,TreasureTraders
11:18:06,Baby Monitor,575,RoveRange
11:18:06,Treppiedi,832,RoveRange
11:18:06,Scope elettriche,927,RoveRange
11:18:06,Carne di Orso,959,RoveRange
11:18:06,Massaggiatore cervicale,818,RoveRange
11:18:06,Accessori per orologi,820,RoveRange
11:18:06,Caricabatterie wireless,382,RoveRange
11:18:06,Cover e custodie per telefoni,496,RoveRange
11:18:06,Spazzolini da denti elettronici,859,RoveRange
11:18:06,Dispositivi indossabili,663,RoveRange
11:18:06,Caricabatterie wireless,794,StockStream
11:18:06,Borraccia Termica,17,StockStream
11:18:06,Coperte rinfrescanti,668,StockStream
11:18:06,Scarpe da ginnastica,623,StockStream
11:18:06,Cover e custodie per telefoni,694,StockStream
11:18:06,Carne di Orso,328,StockStream
11:18:06,Scope elettriche,487,StockStream
11:18:06,Treppiedi,116,StockStream
11:18:06,Frigorifero per vino,873,StockStream
11:18:06,Alimenti per animali domestici,254,StockStream
11:18:06,Friggitrice ad aria,292,MerchHaven
11:18:06,Alimenti per animali domestici,121,MerchHaven
11:18:06,Spazzolini da denti elettronici,797,MerchHaven
11:18:06,Accessori per orologi,716,MerchHaven
11:18:06,Massaggiatore cervicale,276,MerchHaven
11:18:06,Coperte rinfrescanti,922,MerchHaven
11:18:06,Pantaloni Yoga,907,MerchHaven
11:18:06,Caricabatterie wireless,683,MerchHaven
11:18:06,Frigorifero per vino,88,MerchHaven
11:18:06,Borraccia Termica,309,MerchHaven
11:18:06,Imbracatura Paracadute,944,LivingTrade
11:18:06,Treppiedi,99,LivingTrade
11:18:06,Alimenti per animali domestici,93,LivingTrade
11:18:06,Baby Monitor,362,LivingTrade
11:18:06,Cover e custodie per telefoni,736,LivingTrade
11:18:06,Frigorifero per vino,365,LivingTrade
11:18:06,Friggitrice ad aria,924,LivingTrade
11:18:06,Scope elettriche,549,LivingTrade
11:18:06,Coperte rinfrescanti,219,LivingTrade
11:18:06,Borraccia Termica,839,LivingTrade
